,Region,Year,Accuracy
0,huadong,1990_1992,0.933253873659118
1,huadong,1993_1995,0.9420871559633027
2,huadong,1996_1998,0.9410112359550562
3,huadong,1999_2001,0.9424418604651162
4,huadong,2002_2004,0.9470246734397678
5,huadong,2005_2007,0.9457142857142857
6,huadong,2008_2010,0.935251798561151
7,huadong,2011_2013,0.9480440097799511
8,huadong,2014_2016,0.9528735632183908
9,huadong,2017_2019,0.9518072289156626
