,Region,Year,Accuracy
0,zhongnan,1990_1992,0.898491879350348
1,zhongnan,1993_1995,0.9110576923076923
2,zhongnan,1996_1998,0.911849710982659
3,zhongnan,1999_2001,0.9134920634920635
4,zhongnan,2002_2004,0.9017543859649123
5,zhongnan,2005_2007,0.9195678271308524
6,zhongnan,2008_2010,0.9139590854392299
7,zhongnan,2011_2013,0.9158653846153846
8,zhongnan,2014_2016,0.9263622974963182
9,zhongnan,2017_2019,0.9166666666666666
